Price,Outbound Flight Time,Outbound Time,Return Time,Stops,Return Flight Time
£62,06:15 – 07:20,06:15 – 07:20,08:00 – 12:45,direct,3h 05m
£60,06:15 – 07:20,06:15 – 07:20,08:00 – 12:45,direct,3h 05m
£67,23:55 – 00:45+1,23:55 – 00:45+1,08:00 – 12:45,direct,2h 50m
£69,06:15 – 07:15,06:15 – 07:15,16:10 – 20:50,direct,3h 00m
£73,12:00 – 12:55,12:00 – 12:55,08:00 – 12:45,direct,2h 55m
£82,23:55 – 00:45+1,23:55 – 00:45+1,15:55 – 20:30,direct,2h 50m
£76,12:00 – 12:55,12:00 – 12:55,16:10 – 20:50,direct,2h 55m
£82,06:15 – 07:15,06:15 – 07:15,15:55 – 20:30,direct,3h 00m
£134,17:15 – 18:10,17:15 – 18:10,08:00 – 12:45,direct,2h 55m
£141,17:15 – 18:10,17:15 – 18:10,16:10 – 20:50,direct,2h 55m
£146,06:15 – 07:20,06:15 – 07:20,18:40 – 23:20,direct,3h 05m
£154,17:15 – 18:10,17:15 – 18:10,15:55 – 20:30,direct,2h 55m
£155,23:55 – 00:45+1,23:55 – 00:45+1,18:40 – 23:20,direct,2h 50m
£161,12:00 – 12:55,12:00 – 12:55,18:40 – 23:20,direct,2h 55m
£79,06:15 – 07:15,06:15 – 07:15,10:20 – 21:55,direct,3h 00m
£169,17:15 – 18:10,17:15 – 18:10,18:40 – 23:20,direct,2h 55m
£145,14:45 – 17:20,14:45 – 17:20,06:30 – 14:05,1 stop,4h 35m
£107,05:35 – 08:15,05:35 – 08:15,08:00 – 12:45,1 stop,4h 40m
£145,19:15 – 22:00,19:15 – 22:00,06:30 – 14:05,1 stop,4h 45m
£145,06:20 – 09:25,06:20 – 09:25,06:30 – 14:05,1 stop,5h 05m
£114,06:15 – 07:20,06:15 – 07:20,06:30 – 14:05,direct,3h 05m
£111,21:40 – 00:15+1,21:40 – 00:15+1,08:00 – 12:45,1 stop,4h 35m
£89,13:40 – 21:35,13:40 – 21:35,08:00 – 12:45,1 stop,9h 55m
£92,12:00 – 12:55,12:00 – 12:55,10:20 – 21:55,direct,2h 55m
£119,17:45 – 21:20,17:45 – 21:20,08:00 – 12:45,1 stop,5h 35m
£129,06:30 – 08:55,06:30 – 08:55,08:00 – 12:45,1 stop,4h 25m
£124,17:15 – 18:10,17:15 – 18:10,06:30 – 14:05,direct,2h 55m
£128,06:15 – 07:20,06:15 – 07:20,06:40 – 14:25,direct,3h 05m
£135,06:15 – 07:20,06:15 – 07:20,06:50 – 13:20,direct,3h 05m
£130,23:55 – 00:45+1,23:55 – 00:45+1,06:30 – 14:05,direct,2h 50m
£114,06:15 – 07:20,06:15 – 07:20,06:30 – 16:20,direct,3h 05m
£129,15:50 – 19:30,15:50 – 19:30,08:00 – 12:45,1 stop,5h 40m
£137,17:45 – 21:20,17:45 – 21:20,16:10 – 20:50,1 stop,5h 35m
£124,17:15 – 18:10,17:15 – 18:10,06:30 – 16:20,direct,2h 55m
£154,17:30 – 17:55,17:30 – 17:55,06:45 – 14:05,direct,2h 25m
£156,14:45 – 17:20,14:45 – 17:20,08:00 – 12:45,1 stop,4h 35m
£156,19:30 – 22:10,19:30 – 22:10,08:00 – 12:45,1 stop,4h 40m
£118,09:10 – 16:35,09:10 – 16:35,08:00 – 12:45,1 stop,9h 25m
£132,11:00 – 17:20,11:00 – 17:20,08:00 – 12:45,1 stop,8h 20m
£141,19:30 – 22:10,19:30 – 22:10,06:50 – 13:20,1 stop,4h 40m
£98,13:40 – 21:35,13:40 – 21:35,16:10 – 20:50,1 stop,9h 55m
£167,06:15 – 07:20,06:15 – 07:20,17:20 – 23:59,direct,3h 05m
£120,17:45 – 21:05,17:45 – 21:05,08:00 – 12:45,1 stop,5h 20m
£121,11:00 – 17:20,11:00 – 17:20,06:30 – 14:05,1 stop,8h 20m
£187,19:15 – 22:00,19:15 – 22:00,18:40 – 23:20,1 stop,4h 45m
£129,11:10 – 16:00,11:10 – 16:00,08:00 – 12:45,1 stop,6h 50m
£119,07:00 – 12:55,07:00 – 12:55,08:00 – 12:45,1 stop,7h 55m
£168,15:00 – 17:20,15:00 – 17:20,06:45 – 14:05,1 stop,4h 20m
£85,23:55 – 00:45+1,23:55 – 00:45+1,10:20 – 21:55,direct,2h 50m
£168,19:30 – 22:00,19:30 – 22:00,06:45 – 14:05,1 stop,4h 30m
£146,06:15 – 07:20,06:15 – 07:20,10:20 – 17:40,direct,3h 05m
£142,19:15 – 22:00,19:15 – 22:00,06:30 – 16:20,1 stop,4h 45m
£109,21:40 – 00:15+1,21:40 – 00:15+1,16:10 – 20:50,1 stop,4h 35m
£130,06:30 – 08:55,06:30 – 08:55,16:10 – 20:50,1 stop,4h 25m
£145,14:45 – 17:20,14:45 – 17:20,06:30 – 16:20,1 stop,4h 35m
£198,14:45 – 17:20,14:45 – 17:20,18:40 – 23:20,1 stop,4h 35m
£168,06:35 – 09:25,06:35 – 09:25,06:45 – 14:05,1 stop,4h 50m
£112,13:40 – 21:35,13:40 – 21:35,15:55 – 20:30,1 stop,9h 55m
£146,06:15 – 07:20,06:15 – 07:20,13:35 – 21:15,direct,3h 05m
£129,15:50 – 21:40,15:50 – 21:40,08:00 – 12:45,1 stop,7h 50m
£142,06:20 – 09:25,06:20 – 09:25,06:30 – 16:20,1 stop,5h 05m
£164,11:00 – 17:20,11:00 – 17:20,18:40 – 23:20,1 stop,8h 20m
£128,06:15 – 07:20,06:15 – 07:20,13:55 – 23:40,direct,3h 05m
£198,06:20 – 09:25,06:20 – 09:25,18:40 – 23:20,1 stop,5h 05m
£155,19:15 – 22:00,19:15 – 22:00,08:00 – 12:45,1 stop,4h 45m
£120,09:55 – 16:20,09:55 – 16:20,08:00 – 12:45,1 stop,8h 25m
£191,14:45 – 17:20,14:45 – 17:20,16:10 – 20:50,1 stop,4h 35m
£125,15:15 – 21:35,15:15 – 21:35,06:50 – 13:20,1 stop,8h 20m
£129,11:10 – 17:40,11:10 – 17:40,08:00 – 12:45,1 stop,8h 30m
£155,06:20 – 09:25,06:20 – 09:25,08:00 – 12:45,1 stop,5h 05m
£161,19:15 – 22:00,19:15 – 22:00,16:10 – 20:50,1 stop,4h 45m
£146,11:15 – 17:20,11:15 – 17:20,06:45 – 14:05,1 stop,8h 05m
£118,11:00 – 17:20,11:00 – 17:20,06:30 – 16:20,1 stop,8h 20m
£111,15:20 – 00:15+1,15:20 – 00:15+1,08:00 – 12:45,1 stop,10h 55m
£122,21:40 – 00:15+1,21:40 – 00:15+1,15:55 – 20:30,1 stop,4h 35m
£142,06:30 – 08:55,06:30 – 08:55,15:55 – 20:30,1 stop,4h 25m
£130,15:50 – 19:30,15:50 – 19:30,16:10 – 20:50,1 stop,5h 40m
£135,15:15 – 21:35,15:15 – 21:35,08:00 – 12:45,1 stop,8h 20m
£163,13:30 – 17:05,13:30 – 17:05,08:00 – 12:45,1 stop,5h 35m
£173,10:10 – 15:10,10:10 – 15:10,08:00 – 12:45,1 stop,7h 00m
£135,17:45 – 21:20,17:45 – 21:20,15:55 – 20:30,1 stop,5h 35m
£166,13:30 – 17:05,13:30 – 17:05,16:10 – 20:50,1 stop,5h 35m
£119,17:45 – 21:05,17:45 – 21:05,16:10 – 20:50,1 stop,5h 20m
£167,12:00 – 12:55,12:00 – 12:55,10:20 – 17:40,direct,2h 55m
£155,18:20 – 22:40,18:20 – 22:40,06:50 – 13:20,1 stop,6h 20m
£168,15:00 – 17:20,15:00 – 17:20,06:45 – 16:20,1 stop,4h 20m
£119,15:20 – 00:15+1,15:20 – 00:15+1,16:10 – 20:50,1 stop,10h 55m
£129,09:00 – 17:20,09:00 – 17:20,06:30 – 14:05,1 stop,10h 20m
£204,14:45 – 17:20,14:45 – 17:20,15:55 – 20:30,1 stop,4h 35m
£174,06:00 – 08:40,06:00 – 08:40,06:50 – 13:20,1 stop,4h 40m
£174,06:00 – 08:40,06:00 – 08:40,06:50 – 13:20,1 stop,4h 40m
£130,15:20 – 20:55,15:20 – 20:55,08:00 – 12:45,1 stop,7h 35m
£173,19:15 – 22:00,19:15 – 22:00,15:55 – 20:30,1 stop,4h 45m
£142,15:50 – 19:30,15:50 – 19:30,15:55 – 20:30,1 stop,5h 40m
£169,06:30 – 08:55,06:30 – 08:55,06:40 – 14:25,1 stop,4h 25m
£159,17:45 – 21:20,17:45 – 21:20,06:40 – 14:25,1 stop,5h 35m
£138,15:20 – 20:55,15:20 – 20:55,16:10 – 20:50,1 stop,7h 35m
£180,13:30 – 17:05,13:30 – 17:05,15:55 – 20:30,1 stop,5h 35m
£131,17:45 – 21:05,17:45 – 21:05,15:55 – 20:30,1 stop,5h 20m
£158,05:35 – 08:15,05:35 – 08:15,06:30 – 14:05,1 stop,4h 40m
£134,15:20 – 00:15+1,15:20 – 00:15+1,15:55 – 20:30,1 stop,10h 55m
£167,17:45 – 21:20,17:45 – 21:20,06:30 – 14:05,1 stop,5h 35m
£167,15:50 – 19:30,15:50 – 19:30,06:30 – 14:05,1 stop,5h 40m
£155,14:45 – 22:00,14:45 – 22:00,06:30 – 14:05,1 stop,9h 15m
£188,13:40 – 16:25,13:40 – 16:25,06:50 – 13:20,1 stop,4h 45m
£118,11:00 – 22:00,11:00 – 22:00,06:30 – 14:05,1 stop,13h 00m
£167,15:50 – 19:30,15:50 – 19:30,06:40 – 14:25,1 stop,5h 40m
£187,13:40 – 16:40,13:40 – 16:40,06:50 – 13:20,1 stop,5h 00m
£112,05:35 – 16:35,05:35 – 16:35,08:00 – 12:45,1 stop,13h 00m
£165,23:55 – 00:45+1,23:55 – 00:45+1,10:20 – 17:40,direct,2h 50m
£142,08:05 – 16:15,08:05 – 16:15,08:00 – 12:45,1 stop,10h 10m
£214,06:30 – 08:55,06:30 – 08:55,18:40 – 23:20,1 stop,4h 25m
£180,09:00 – 17:20,09:00 – 17:20,18:40 – 23:20,1 stop,10h 20m
£199,05:35 – 08:15,05:35 – 08:15,18:40 – 23:20,1 stop,4h 40m
£194,15:55 – 18:40,15:55 – 18:40,06:50 – 13:20,1 stop,4h 45m
£152,15:20 – 20:55,15:20 – 20:55,15:55 – 20:30,1 stop,7h 35m
£129,09:00 – 17:20,09:00 – 17:20,06:30 – 16:20,1 stop,10h 20m
£207,17:45 – 21:20,17:45 – 21:20,18:40 – 23:20,1 stop,5h 35m
£221,17:15 – 18:10,17:15 – 18:10,10:15 – 18:35,direct,2h 55m
£167,06:30 – 08:55,06:30 – 08:55,13:55 – 23:40,1 stop,4h 25m
£188,06:00 – 09:40,06:00 – 09:40,06:50 – 13:20,1 stop,5h 40m
£216,17:15 – 18:10,17:15 – 18:10,06:50 – 13:20,direct,2h 55m
£163,18:20 – 22:55,18:20 – 22:55,08:00 – 12:45,1 stop,6h 35m
£182,15:50 – 18:40,15:50 – 18:40,08:00 – 12:45,1 stop,4h 50m
£157,17:15 – 18:10,17:15 – 18:10,10:20 – 21:55,direct,2h 55m
£159,17:45 – 21:20,17:45 – 21:20,13:55 – 23:40,1 stop,5h 35m
£167,11:10 – 16:00,11:10 – 16:00,06:40 – 14:25,1 stop,6h 50m
£118,21:40 – 00:15+1,21:40 – 00:15+1,10:20 – 21:55,1 stop,4h 35m
£160,17:45 – 21:20,17:45 – 21:20,06:30 – 16:20,1 stop,5h 35m
£209,17:15 – 18:10,17:15 – 18:10,06:40 – 14:25,direct,2h 55m
£163,11:00 – 22:00,11:00 – 22:00,18:40 – 23:20,1 stop,13h 00m
£160,07:00 – 12:55,07:00 – 12:55,06:30 – 14:05,1 stop,7h 55m
£173,15:55 – 21:40,15:55 – 21:40,06:50 – 13:20,1 stop,7h 45m
£159,07:00 – 12:55,07:00 – 12:55,06:40 – 14:25,1 stop,7h 55m
£191,17:15 – 18:10,17:15 – 18:10,06:30 – 18:35,direct,2h 55m
£214,15:50 – 19:30,15:50 – 19:30,18:40 – 23:20,1 stop,5h 40m
£172,18:20 – 22:55,18:20 – 22:55,16:10 – 20:50,1 stop,6h 35m
£158,05:35 – 08:15,05:35 – 08:15,06:30 – 16:20,1 stop,4h 40m
£192,17:15 – 18:10,17:15 – 18:10,13:55 – 23:40,direct,2h 55m
£233,13:40 – 16:25,13:40 – 16:25,08:00 – 12:45,1 stop,4h 45m
£188,06:15 – 07:15,06:15 – 07:15,08:25 – 15:10,direct,3h 00m
£195,21:40 – 00:15+1,21:40 – 00:15+1,18:40 – 23:20,1 stop,4h 35m
£205,14:45 – 22:00,14:45 – 22:00,18:40 – 23:20,1 stop,9h 15m
£193,15:50 – 18:40,15:50 – 18:40,16:10 – 20:50,1 stop,4h 50m
£186,13:40 – 18:40,13:40 – 18:40,06:50 – 13:20,1 stop,7h 00m
£135,21:40 – 08:15+1,21:40 – 08:15+1,08:00 – 12:45,1 stop,12h 35m
£212,19:30 – 22:10,19:30 – 22:10,17:45 – 23:55,1 stop,4h 40m
£212,06:30 – 08:55,06:30 – 08:55,06:50 – 13:20,1 stop,4h 25m
£167,15:50 – 19:30,15:50 – 19:30,13:55 – 23:40,1 stop,5h 40m
£252,17:15 – 18:10,17:15 – 18:10,18:10 – 00:40+1,direct,2h 55m
£210,19:30 – 22:10,19:30 – 22:10,17:30 – 23:55,1 stop,4h 40m
£155,14:45 – 22:00,14:45 – 22:00,06:30 – 16:20,1 stop,9h 15m
£146,11:15 – 22:00,11:15 – 22:00,06:45 – 14:05,1 stop,12h 45m
£194,06:00 – 10:25,06:00 – 10:25,06:50 – 13:20,1 stop,6h 25m
£167,15:50 – 21:40,15:50 – 21:40,06:40 – 14:25,1 stop,7h 50m
£198,05:35 – 08:15,05:35 – 08:15,17:20 – 23:59,1 stop,4h 40m
£211,11:10 – 16:00,11:10 – 16:00,18:40 – 23:20,1 stop,6h 50m
£216,19:30 – 22:10,19:30 – 22:10,06:30 – 12:55,1 stop,4h 40m
£173,13:40 – 21:35,13:40 – 21:35,18:40 – 23:20,1 stop,9h 55m
£204,07:00 – 12:55,07:00 – 12:55,18:40 – 23:20,1 stop,7h 55m
£167,11:10 – 17:40,11:10 – 17:40,06:40 – 14:25,1 stop,8h 30m
£186,18:20 – 22:55,18:20 – 22:55,15:55 – 20:30,1 stop,6h 35m
£147,06:20 – 17:20,06:20 – 17:20,06:30 – 14:05,1 stop,13h 00m
£245,17:15 – 18:10,17:15 – 18:10,17:20 – 23:59,direct,2h 55m
£201,12:00 – 12:55,12:00 – 12:55,08:25 – 15:10,direct,2h 55m
£127,17:45 – 21:05,17:45 – 21:05,10:20 – 21:55,1 stop,5h 20m
£170,09:10 – 16:35,09:10 – 16:35,06:30 – 14:05,1 stop,9h 25m
£167,11:10 – 16:00,11:10 – 16:00,13:55 – 23:40,1 stop,6h 50m
£232,17:15 – 18:10,17:15 – 18:10,10:20 – 17:40,direct,2h 55m
£212,15:50 – 19:30,15:50 – 19:30,06:50 – 13:20,1 stop,5h 40m
£172,05:35 – 08:15,05:35 – 08:15,06:40 – 14:25,1 stop,4h 40m
£149,08:05 – 18:35,08:05 – 18:35,08:00 – 12:45,1 stop,12h 30m
£217,13:40 – 17:00,13:40 – 17:00,06:50 – 13:20,1 stop,5h 20m
£159,07:00 – 12:55,07:00 – 12:55,13:55 – 23:40,1 stop,7h 55m
£204,17:45 – 21:05,17:45 – 21:05,18:40 – 23:20,1 stop,5h 20m
£232,17:15 – 18:10,17:15 – 18:10,13:35 – 21:15,direct,2h 55m
£210,15:50 – 18:40,15:50 – 18:40,15:55 – 20:30,1 stop,4h 50m
£135,06:15 – 07:15,06:15 – 07:15,20:00 – 12:05+1,direct,3h 00m
£160,07:00 – 12:55,07:00 – 12:55,06:30 – 16:20,1 stop,7h 55m
£246,19:30 – 22:10,19:30 – 22:10,18:40 – 23:20,1 stop,4h 40m
£218,19:30 – 22:10,19:30 – 22:10,16:30 – 23:55,1 stop,4h 40m
£226,10:10 – 15:10,10:10 – 15:10,18:40 – 23:20,1 stop,7h 00m
£190,17:45 – 21:20,17:45 – 21:20,06:50 – 13:20,1 stop,5h 35m
£167,15:50 – 21:40,15:50 – 21:40,13:55 – 23:40,1 stop,7h 50m
£198,15:15 – 21:35,15:15 – 21:35,17:45 – 23:55,1 stop,8h 20m
£213,09:10 – 16:35,09:10 – 16:35,18:40 – 23:20,1 stop,9h 25m
£242,13:30 – 17:05,13:30 – 17:05,18:40 – 23:20,1 stop,5h 35m
£195,05:35 – 08:15,05:35 – 08:15,06:50 – 13:20,1 stop,4h 40m
£212,11:10 – 16:00,11:10 – 16:00,06:50 – 13:20,1 stop,6h 50m
£241,14:45 – 17:20,14:45 – 17:20,10:15 – 18:35,1 stop,4h 35m
£165,05:35 – 08:15,05:35 – 08:15,13:55 – 23:40,1 stop,4h 40m
£194,23:55 – 00:45+1,23:55 – 00:45+1,08:25 – 15:10,direct,2h 50m
£153,06:30 – 08:55,06:30 – 08:55,10:20 – 21:55,1 stop,4h 25m
£217,19:30 – 22:10,19:30 – 22:10,15:30 – 23:55,1 stop,4h 40m
£241,19:15 – 22:00,19:15 – 22:00,10:15 – 18:35,1 stop,4h 45m
£223,18:20 – 22:40,18:20 – 22:40,17:45 – 23:55,1 stop,6h 20m
£221,18:20 – 22:40,18:20 – 22:40,17:30 – 23:55,1 stop,6h 20m
£167,11:10 – 17:40,11:10 – 17:40,13:55 – 23:40,1 stop,8h 30m
£144,17:45 – 21:20,17:45 – 21:20,10:20 – 21:55,1 stop,5h 35m
£207,14:45 – 17:20,14:45 – 17:20,13:55 – 23:40,1 stop,4h 35m
£213,06:15 – 07:15,06:15 – 07:15,08:30 – 16:00,direct,3h 00m
£241,06:20 – 09:25,06:20 – 09:25,10:15 – 18:35,1 stop,5h 05m
£180,09:00 – 22:00,09:00 – 22:00,18:40 – 23:20,1 stop,15h 00m
£222,15:50 – 19:30,15:50 – 19:30,10:20 – 17:40,1 stop,5h 40m
£132,06:15 – 07:15,06:15 – 07:15,21:55 – 13:45+1,direct,3h 00m
£170,09:10 – 16:35,09:10 – 16:35,06:30 – 16:20,1 stop,9h 25m
£245,06:00 – 08:40,06:00 – 08:40,17:45 – 23:55,1 stop,4h 40m
£245,06:00 – 08:40,06:00 – 08:40,17:45 – 23:55,1 stop,4h 40m
£147,19:30 – 07:40+1,19:30 – 07:40+1,06:50 – 13:20,1 stop,14h 10m
£243,06:00 – 08:40,06:00 – 08:40,17:30 – 23:55,1 stop,4h 40m
£243,06:00 – 08:40,06:00 – 08:40,17:30 – 23:55,1 stop,4h 40m
£227,18:20 – 22:40,18:20 – 22:40,06:30 – 12:55,1 stop,6h 20m
£181,19:15 – 22:00,19:15 – 22:00,10:20 – 21:55,1 stop,4h 45m
£210,19:30 – 22:10,19:30 – 22:10,13:55 – 23:40,1 stop,4h 40m
£137,06:15 – 07:15,06:15 – 07:15,21:25 – 10:50+1,direct,3h 00m
£213,19:15 – 22:00,19:15 – 22:00,06:30 – 18:35,1 stop,4h 45m
£207,09:10 – 16:35,09:10 – 16:35,17:20 – 23:59,1 stop,9h 25m
£205,06:20 – 17:20,06:20 – 17:20,18:40 – 23:20,1 stop,13h 00m
£153,15:50 – 19:30,15:50 – 19:30,10:20 – 21:55,1 stop,5h 40m
£249,06:00 – 08:40,06:00 – 08:40,06:30 – 12:55,1 stop,4h 40m
£249,06:00 – 08:40,06:00 – 08:40,06:30 – 12:55,1 stop,4h 40m
£195,15:20 – 00:15+1,15:20 – 00:15+1,18:40 – 23:20,1 stop,10h 55m
£151,06:15 – 07:15,06:15 – 07:15,20:00 – 10:35+1,direct,3h 00m
£218,11:00 – 17:20,11:00 – 17:20,10:15 – 18:35,1 stop,8h 20m
£273,19:15 – 22:00,19:15 – 22:00,18:10 – 00:40+1,1 stop,4h 45m
£193,13:40 – 22:10,13:40 – 22:10,06:50 – 13:20,1 stop,10h 30m
£227,17:45 – 21:20,17:45 – 21:20,17:20 – 23:59,1 stop,5h 35m
£174,06:00 – 16:25,06:00 – 16:25,06:50 – 13:20,1 stop,12h 25m
£223,11:10 – 16:00,11:10 – 16:00,10:20 – 17:40,1 stop,6h 50m
£228,18:20 – 22:40,18:20 – 22:40,16:30 – 23:55,1 stop,6h 20m
£258,13:40 – 16:25,13:40 – 16:25,17:45 – 23:55,1 stop,4h 45m
£242,06:30 – 08:55,06:30 – 08:55,17:20 – 23:59,1 stop,4h 25m
£224,10:10 – 15:10,10:10 – 15:10,10:20 – 17:40,1 stop,7h 00m
£257,06:30 – 08:55,06:30 – 08:55,17:00 – 23:35,1 stop,4h 25m
£256,13:40 – 16:40,13:40 – 16:40,17:45 – 23:55,1 stop,5h 00m
£256,13:40 – 16:25,13:40 – 16:25,17:30 – 23:55,1 stop,4h 45m
£239,13:30 – 17:05,13:30 – 17:05,10:20 – 17:40,1 stop,5h 35m
£265,14:45 – 17:20,14:45 – 17:20,17:20 – 23:59,1 stop,4h 35m
£254,13:40 – 16:40,13:40 – 16:40,17:30 – 23:55,1 stop,5h 00m
£217,19:30 – 22:10,19:30 – 22:10,13:30 – 23:55,1 stop,4h 40m
£161,02:55 – 15:30,02:55 – 15:30,08:00 – 12:45,1 stop,14h 35m
£150,12:00 – 12:55,12:00 – 12:55,21:25 – 10:50+1,direct,2h 55m
£214,15:20 – 20:55,15:20 – 20:55,18:40 – 23:20,1 stop,7h 35m
£226,14:45 – 17:20,14:45 – 17:20,06:30 – 18:35,1 stop,4h 35m
£189,11:00 – 17:20,11:00 – 17:20,06:30 – 18:35,1 stop,8h 20m
£213,05:35 – 08:15,05:35 – 08:15,10:20 – 17:40,1 stop,4h 40m
£250,06:00 – 08:40,06:00 – 08:40,16:30 – 23:55,1 stop,4h 40m
£250,06:00 – 08:40,06:00 – 08:40,16:30 – 23:55,1 stop,4h 40m
£203,15:15 – 21:35,15:15 – 21:35,15:30 – 23:55,1 stop,8h 20m
£250,17:45 – 21:20,17:45 – 21:20,17:00 – 23:35,1 stop,5h 35m
£266,06:15 – 07:20,06:15 – 07:20,17:45 – 23:55,direct,3h 05m
£263,15:55 – 18:40,15:55 – 18:40,17:45 – 23:55,1 stop,4h 45m
£187,09:10 – 16:35,09:10 – 16:35,06:40 – 14:25,1 stop,9h 25m
£261,13:40 – 16:25,13:40 – 16:25,06:30 – 12:55,1 stop,4h 45m
£261,15:55 – 18:40,15:55 – 18:40,17:30 – 23:55,1 stop,4h 45m
£260,13:40 – 16:40,13:40 – 16:40,06:30 – 12:55,1 stop,5h 00m
£249,11:00 – 17:20,11:00 – 17:20,18:10 – 00:40+1,1 stop,8h 20m
£226,06:20 – 09:25,06:20 – 09:25,06:30 – 18:35,1 stop,5h 05m
£213,05:35 – 08:15,05:35 – 08:15,13:35 – 21:15,1 stop,4h 40m
£215,11:00 – 18:25,11:00 – 18:25,06:50 – 13:20,2 stops,9h 25m
£257,06:00 – 09:40,06:00 – 09:40,17:45 – 23:55,1 stop,5h 40m
£255,06:00 – 09:40,06:00 – 09:40,17:30 – 23:55,1 stop,5h 40m
£228,18:20 – 22:40,18:20 – 22:40,15:30 – 23:55,1 stop,6h 20m
£191,17:15 – 18:10,17:15 – 18:10,06:30 – 00:40+1,direct,2h 55m
£193,19:15 – 09:25+1,19:15 – 09:25+1,18:40 – 23:20,1 stop,16h 10m
£256,19:15 – 22:00,19:15 – 22:00,10:20 – 17:40,1 stop,4h 45m
£158,05:35 – 16:35,05:35 – 16:35,06:30 – 14:05,1 stop,13h 00m
£218,17:45 – 21:05,17:45 – 21:05,10:20 – 17:40,1 stop,5h 20m
£230,17:15 – 18:10,17:15 – 18:10,10:15 – 00:40+1,direct,2h 55m
£267,15:55 – 18:40,15:55 – 18:40,06:30 – 12:55,1 stop,4h 45m
£232,11:00 – 17:05,11:00 – 17:05,06:50 – 13:20,2 stops,8h 05m
£219,23:55 – 00:45+1,23:55 – 00:45+1,08:30 – 16:00,direct,2h 50m
£257,15:50 – 19:30,15:50 – 19:30,17:00 – 23:35,1 stop,5h 40m
£250,06:00 – 08:40,06:00 – 08:40,15:30 – 23:55,1 stop,4h 40m
£250,06:00 – 08:40,06:00 – 08:40,15:30 – 23:55,1 stop,4h 40m
£200,11:00 – 17:20,11:00 – 17:20,13:55 – 23:40,1 stop,8h 20m
£221,18:20 – 22:40,18:20 – 22:40,13:55 – 23:40,1 stop,6h 20m
£261,06:00 – 09:40,06:00 – 09:40,06:30 – 12:55,1 stop,5h 40m
£177,09:10 – 16:35,09:10 – 16:35,13:55 – 23:40,1 stop,9h 25m
£192,19:30 – 22:10,19:30 – 22:10,09:30 – 23:55,1 stop,4h 40m
£262,13:40 – 16:25,13:40 – 16:25,16:30 – 23:55,1 stop,4h 45m
£235,11:10 – 16:00,11:10 – 16:00,17:20 – 23:59,1 stop,6h 50m
£261,13:40 – 16:40,13:40 – 16:40,16:30 – 23:55,1 stop,5h 00m
£239,10:10 – 15:10,10:10 – 15:10,13:35 – 21:15,1 stop,7h 00m
£144,23:55 – 00:45+1,23:55 – 00:45+1,21:25 – 10:50+1,direct,2h 50m
£209,21:40 – 00:15+1,21:40 – 00:15+1,10:20 – 17:40,1 stop,4h 35m
£254,13:30 – 17:05,13:30 – 17:05,13:35 – 21:15,1 stop,5h 35m
£224,10:10 – 17:05,10:10 – 17:05,10:20 – 17:40,1 stop,8h 55m
£171,18:20 – 22:55,18:20 – 22:55,10:20 – 21:55,1 stop,6h 35m
£255,13:40 – 18:40,13:40 – 18:40,17:45 – 23:55,1 stop,7h 00m
£227,07:00 – 12:55,07:00 – 12:55,17:20 – 23:59,1 stop,7h 55m
£253,13:40 – 18:40,13:40 – 18:40,17:30 – 23:55,1 stop,7h 00m
£262,06:00 – 10:25,06:00 – 10:25,17:45 – 23:55,1 stop,6h 25m
£191,15:50 – 18:40,15:50 – 18:40,10:20 – 21:55,1 stop,4h 50m
£270,14:45 – 17:20,14:45 – 17:20,10:20 – 17:40,1 stop,4h 35m
£261,06:00 – 10:25,06:00 – 10:25,17:30 – 23:55,1 stop,6h 25m
£268,15:55 – 18:40,15:55 – 18:40,16:30 – 23:55,1 stop,4h 45m
£226,13:40 – 21:35,13:40 – 21:35,06:50 – 13:20,2 stops,9h 55m
£226,13:40 – 21:35,13:40 – 21:35,06:50 – 13:20,2 stops,9h 55m
£217,19:30 – 22:10,19:30 – 22:10,11:15 – 23:55,1 stop,4h 40m
£257,11:10 – 16:00,11:10 – 16:00,17:00 – 23:35,1 stop,6h 50m
£203,15:15 – 21:35,15:15 – 21:35,13:30 – 23:55,1 stop,8h 20m
£237,17:45 – 21:05,17:45 – 21:05,08:25 – 15:10,1 stop,5h 20m
£261,06:00 – 09:40,06:00 – 09:40,16:30 – 23:55,1 stop,5h 40m
£247,18:20 – 22:55,18:20 – 22:55,18:40 – 23:20,1 stop,6h 35m
£259,13:40 – 18:40,13:40 – 18:40,06:30 – 12:55,1 stop,7h 00m
£221,09:10 – 16:25,09:10 – 16:25,06:50 – 13:20,2 stops,9h 15m
£262,13:40 – 16:25,13:40 – 16:25,15:30 – 23:55,1 stop,4h 45m
£261,13:40 – 16:40,13:40 – 16:40,15:30 – 23:55,1 stop,5h 00m
£250,07:00 – 12:55,07:00 – 12:55,17:00 – 23:35,1 stop,7h 55m
£275,19:30 – 22:10,19:30 – 22:10,10:20 – 17:40,1 stop,4h 40m
£267,06:00 – 10:25,06:00 – 10:25,06:30 – 12:55,1 stop,6h 25m
£221,09:10 – 16:40,09:10 – 16:40,06:50 – 13:20,2 stops,9h 30m
£228,18:20 – 22:40,18:20 – 22:40,13:30 – 23:55,1 stop,6h 20m
£277,06:15 – 07:15,06:15 – 07:15,08:25 – 16:20,direct,3h 00m
£215,09:10 – 16:35,09:10 – 16:35,10:20 – 17:40,1 stop,9h 25m
£228,21:40 – 00:15+1,21:40 – 00:15+1,08:25 – 15:10,1 stop,4h 35m
£215,09:10 – 16:35,09:10 – 16:35,13:35 – 21:15,1 stop,9h 25m
£285,13:40 – 17:00,13:40 – 17:00,17:45 – 23:55,1 stop,5h 20m
£238,09:00 – 17:20,09:00 – 17:20,10:15 – 18:35,1 stop,10h 20m
£283,13:40 – 17:00,13:40 – 17:00,17:30 – 23:55,1 stop,5h 20m
£242,15:50 – 21:40,15:50 – 21:40,17:20 – 23:59,1 stop,7h 50m
£309,06:00 – 08:40,06:00 – 08:40,18:40 – 23:20,1 stop,4h 40m
£250,06:00 – 08:40,06:00 – 08:40,13:30 – 23:55,1 stop,4h 40m
£250,06:00 – 08:40,06:00 – 08:40,13:30 – 23:55,1 stop,4h 40m
£274,19:30 – 22:10,19:30 – 22:10,17:20 – 23:59,1 stop,4h 40m
£257,15:50 – 21:40,15:50 – 21:40,17:00 – 23:35,1 stop,7h 50m
£212,05:35 – 16:35,05:35 – 16:35,18:40 – 23:20,1 stop,13h 00m
£224,10:10 – 15:10,10:10 – 15:10,10:20 – 21:15,1 stop,7h 00m
£260,13:40 – 18:40,13:40 – 18:40,16:30 – 23:55,1 stop,7h 00m
£239,13:30 – 20:40,13:30 – 20:40,10:20 – 17:40,1 stop,9h 10m
£239,13:30 – 17:05,13:30 – 17:05,10:20 – 21:15,1 stop,5h 35m
£284,18:20 – 22:40,18:20 – 22:40,17:20 – 23:59,1 stop,6h 20m
£239,10:10 – 17:05,10:10 – 17:05,13:35 – 21:15,1 stop,8h 55m
£208,06:00 – 17:05,06:00 – 17:05,06:50 – 13:20,2 stops,13h 05m
£267,06:00 – 10:25,06:00 – 10:25,16:30 – 23:55,1 stop,6h 25m
£209,06:00 – 17:05,06:00 – 17:05,06:50 – 13:20,2 stops,13h 05m
£209,06:00 – 17:05,06:00 – 17:05,06:50 – 13:20,2 stops,13h 05m
£289,13:40 – 17:00,13:40 – 17:00,06:30 – 12:55,1 stop,5h 20m
£242,11:10 – 17:40,11:10 – 17:40,17:20 – 23:59,1 stop,8h 30m
£257,11:10 – 17:40,11:10 – 17:40,17:00 – 23:35,1 stop,8h 30m
£291,12:00 – 12:55,12:00 – 12:55,08:25 – 16:20,direct,2h 55m
£285,14:45 – 17:20,14:45 – 17:20,13:35 – 21:15,1 stop,4h 35m
£197,19:30 – 22:10,19:30 – 22:10,08:55 – 01:15+1,1 stop,4h 40m
£198,05:35 – 16:35,05:35 – 16:35,17:20 – 23:59,1 stop,13h 00m
£193,21:40 – 08:15+1,21:40 – 08:15+1,06:30 – 14:05,1 stop,12h 35m
£270,15:55 – 18:40,15:55 – 18:40,06:00 – 15:10,1 stop,4h 45m
£198,05:35 – 08:15,05:35 – 08:15,17:20 – 08:25+1,1 stop,4h 40m
£165,05:35 – 16:35,05:35 – 16:35,06:40 – 14:25,1 stop,13h 00m
£210,08:05 – 18:35,08:05 – 18:35,06:30 – 14:05,1 stop,12h 30m
£241,08:05 – 18:35,08:05 – 18:35,18:40 – 23:20,1 stop,12h 30m
£228,15:20 – 20:55,15:20 – 20:55,10:20 – 17:40,1 stop,7h 35m
£204,18:20 – 22:40,18:20 – 22:40,09:30 – 23:55,1 stop,6h 20m
£293,19:30 – 22:10,19:30 – 22:10,18:00 – 01:15+1,1 stop,4h 40m
£227,21:40 – 08:15+1,21:40 – 08:15+1,18:40 – 23:20,1 stop,12h 35m
£285,15:50 – 18:40,15:50 – 18:40,18:40 – 23:20,1 stop,4h 50m
£203,15:15 – 21:35,15:15 – 21:35,11:15 – 23:55,1 stop,8h 20m
£290,19:30 – 22:10,19:30 – 22:10,13:35 – 21:15,1 stop,4h 40m
£260,13:40 – 18:40,13:40 – 18:40,15:30 – 23:55,1 stop,7h 00m
£262,13:40 – 16:25,13:40 – 16:25,13:30 – 23:55,1 stop,4h 45m
£283,06:00 – 10:40,06:00 – 10:40,17:30 – 23:55,1 stop,6h 40m
£261,13:40 – 16:40,13:40 – 16:40,13:30 – 23:55,1 stop,5h 00m
£234,11:10 – 19:30,11:10 – 19:30,06:40 – 14:25,1 stop,10h 20m
£225,06:00 – 08:40,06:00 – 08:40,09:30 – 23:55,1 stop,4h 40m
£225,06:00 – 08:40,06:00 – 08:40,09:30 – 23:55,1 stop,4h 40m
£323,13:40 – 16:25,13:40 – 16:25,18:40 – 23:20,1 stop,4h 45m
£290,13:40 – 17:00,13:40 – 17:00,16:30 – 23:55,1 stop,5h 20m
£228,18:20 – 22:40,18:20 – 22:40,11:15 – 23:55,1 stop,6h 20m
£329,17:15 – 18:10,17:15 – 18:10,17:45 – 23:55,direct,2h 55m
£201,06:15 – 07:20,06:15 – 07:20,16:10 – 09:40+1,direct,3h 05m
£251,15:55 – 21:40,15:55 – 21:40,06:00 – 15:10,1 stop,7h 45m
£254,13:30 – 20:40,13:30 – 20:40,13:35 – 21:15,1 stop,9h 10m
£224,10:10 – 20:40,10:10 – 20:40,10:20 – 17:40,1 stop,12h 30m
£224,10:10 – 17:05,10:10 – 17:05,10:20 – 21:15,1 stop,8h 55m
£261,06:00 – 09:40,06:00 – 09:40,13:30 – 23:55,1 stop,5h 40m
£319,08:05 – 10:45,08:05 – 10:45,17:20 – 23:59,1 stop,4h 40m
£249,06:00 – 08:40,06:00 – 08:40,11:15 – 23:55,1 stop,4h 40m
£249,06:00 – 08:40,06:00 – 08:40,11:15 – 23:55,1 stop,4h 40m
£226,07:00 – 17:00,07:00 – 17:00,06:40 – 14:25,1 stop,12h 00m
£239,19:30 – 22:10,19:30 – 22:10,09:00 – 22:45,1 stop,4h 40m
£218,21:40 – 08:15+1,21:40 – 08:15+1,17:20 – 23:59,1 stop,12h 35m
£240,08:05 – 16:40,08:05 – 16:40,08:00 – 12:45,1 stop,10h 35m
£223,19:30 – 07:40+1,19:30 – 07:40+1,17:45 – 23:55,1 stop,14h 10m
£241,06:30 – 08:55,06:30 – 08:55,20:30 – 10:35+1,1 stop,4h 25m
£234,06:30 – 16:00,06:30 – 16:00,06:40 – 14:25,1 stop,11h 30m
£238,02:55 – 15:30,02:55 – 15:30,18:40 – 23:20,1 stop,14h 35m
£233,17:45 – 21:20,17:45 – 21:20,20:30 – 10:35+1,1 stop,5h 35m
£263,13:40 – 22:10,13:40 – 22:10,17:45 – 23:55,1 stop,10h 30m
£302,08:05 – 10:45,08:05 – 10:45,14:45 – 23:00,1 stop,4h 40m
£261,13:40 – 22:10,13:40 – 22:10,17:30 – 23:55,1 stop,10h 30m
£253,06:30 – 08:55,06:30 – 08:55,08:25 – 15:10,1 stop,4h 25m
£239,13:40 – 16:25,13:40 – 16:25,09:30 – 23:55,1 stop,4h 45m
£255,06:15 – 07:15,06:15 – 07:15,18:55 – 08:25+1,direct,3h 00m
£245,06:00 – 16:25,06:00 – 16:25,17:45 – 23:55,1 stop,12h 25m
£243,06:00 – 16:25,06:00 – 16:25,17:30 – 23:55,1 stop,12h 25m
£237,13:40 – 16:40,13:40 – 16:40,09:30 – 23:55,1 stop,5h 00m
£226,19:30 – 07:40+1,19:30 – 07:40+1,17:30 – 23:55,1 stop,14h 10m
£226,19:30 – 07:40+1,19:30 – 07:40+1,06:30 – 12:55,1 stop,14h 10m
£235,06:00 – 17:05,06:00 – 17:05,06:50 – 13:20,2 stops,13h 05m
£267,19:30 – 22:10,19:30 – 22:10,10:50 – 22:45,1 stop,4h 40m
£278,09:00 – 13:40,09:00 – 13:40,08:25 – 16:20,1 stop,6h 40m
£260,13:40 – 18:40,13:40 – 18:40,13:30 – 23:55,1 stop,7h 00m
£267,06:00 – 10:25,06:00 – 10:25,13:30 – 23:55,1 stop,6h 25m
£234,11:10 – 21:40,11:10 – 21:40,06:40 – 14:25,1 stop,12h 30m
£268,13:40 – 22:10,13:40 – 22:10,06:30 – 12:55,1 stop,10h 30m
£284,06:30 – 08:55,06:30 – 08:55,08:30 – 16:00,1 stop,4h 25m
£249,06:00 – 16:25,06:00 – 16:25,06:30 – 12:55,1 stop,12h 25m
£267,19:30 – 22:10,19:30 – 22:10,11:30 – 23:55,1 stop,4h 40m
£227,06:00 – 08:40,06:00 – 08:40,08:55 – 01:15+1,1 stop,4h 40m
£227,06:00 – 08:40,06:00 – 08:40,08:55 – 01:15+1,1 stop,4h 40m
£264,13:40 – 16:25,13:40 – 16:25,11:15 – 23:55,1 stop,4h 45m
£262,13:40 – 16:40,13:40 – 16:40,11:15 – 23:55,1 stop,5h 00m
£312,19:30 – 22:10,19:30 – 22:10,17:10 – 01:15+1,1 stop,4h 40m
£258,06:30 – 08:55,06:30 – 08:55,09:55 – 23:35,1 stop,4h 25m
£241,15:50 – 19:30,15:50 – 19:30,20:30 – 10:35+1,1 stop,5h 40m
£239,13:30 – 20:40,13:30 – 20:40,10:20 – 21:15,1 stop,9h 10m
£238,06:00 – 09:40,06:00 – 09:40,09:30 – 23:55,1 stop,5h 40m
£239,10:10 – 20:40,10:10 – 20:40,13:35 – 21:15,1 stop,12h 30m
£239,19:30 – 22:10,19:30 – 22:10,08:30 – 23:55,1 stop,4h 40m
£253,19:30 – 07:40+1,19:30 – 07:40+1,18:40 – 23:20,1 stop,14h 10m
£247,17:15 – 18:10,17:15 – 18:10,20:15 – 13:55+1,direct,2h 55m
£251,17:45 – 21:20,17:45 – 21:20,09:55 – 23:35,1 stop,5h 35m
£234,06:30 – 17:40,06:30 – 17:40,06:40 – 14:25,1 stop,13h 10m
£325,06:00 – 08:40,06:00 – 08:40,18:00 – 01:15+1,1 stop,4h 40m
£325,06:00 – 08:40,06:00 – 08:40,18:00 – 01:15+1,1 stop,4h 40m
£241,06:30 – 08:55,06:30 – 08:55,18:40 – 10:35+1,1 stop,4h 25m
£263,06:00 – 09:40,06:00 – 09:40,11:15 – 23:55,1 stop,5h 40m
£269,06:30 – 08:55,06:30 – 08:55,10:20 – 23:40,1 stop,4h 25m
£247,11:10 – 19:30,11:10 – 19:30,13:55 – 23:40,1 stop,10h 20m
£250,06:00 – 16:25,06:00 – 16:25,16:30 – 23:55,1 stop,12h 25m
£259,11:00 – 19:05,11:00 – 19:05,08:25 – 16:20,1 stop,10h 05m
£243,07:00 – 17:55,07:00 – 17:55,06:40 – 14:25,1 stop,12h 55m
£239,13:30 – 17:05,13:30 – 17:05,18:10 – 09:40+1,1 stop,5h 35m
£261,17:45 – 21:20,17:45 – 21:20,10:20 – 23:40,1 stop,5h 35m
£182,23:55 – 00:45+1,23:55 – 00:45+1,21:55 – 10:50+1,direct,2h 50m
£241,11:10 – 16:00,11:10 – 16:00,20:30 – 10:35+1,1 stop,6h 50m
£258,15:50 – 19:30,15:50 – 19:30,09:55 – 23:35,1 stop,5h 40m
£306,05:35 – 08:15,05:35 – 08:15,17:45 – 23:55,1 stop,4h 40m
£213,05:35 – 08:15,05:35 – 08:15,18:10 – 09:40+1,1 stop,4h 40m
£301,14:45 – 19:05,14:45 – 19:05,08:25 – 16:20,1 stop,6h 20m
£245,06:00 – 10:25,06:00 – 10:25,09:30 – 23:55,1 stop,6h 25m
£221,02:55 – 15:30,02:55 – 15:30,06:50 – 13:20,1 stop,14h 35m
£301,15:50 – 18:40,15:50 – 18:40,10:20 – 17:40,1 stop,4h 50m
£272,06:00 – 08:40,06:00 – 08:40,09:00 – 22:45,1 stop,4h 40m
£261,13:40 – 18:40,13:40 – 18:40,11:15 – 23:55,1 stop,7h 00m
£250,06:00 – 16:25,06:00 – 16:25,15:30 – 23:55,1 stop,12h 25m
£240,06:15 – 07:15,06:15 – 07:15,21:20 – 10:35+1,direct,3h 00m
£269,15:50 – 19:30,15:50 – 19:30,10:20 – 23:40,1 stop,5h 40m
£340,13:40 – 16:25,13:40 – 16:25,18:00 – 01:15+1,1 stop,4h 45m
£338,13:40 – 16:40,13:40 – 16:40,18:00 – 01:15+1,1 stop,5h 00m
£269,06:00 – 10:25,06:00 – 10:25,11:15 – 23:55,1 stop,6h 25m
£258,11:10 – 16:00,11:10 – 16:00,09:55 – 23:35,1 stop,6h 50m
£221,21:40 – 09:40+1,21:40 – 09:40+1,06:50 – 13:20,2 stops,14h 00m
£261,13:40 – 17:40,13:40 – 17:40,09:30 – 23:55,1 stop,6h 00m
£268,13:40 – 17:00,13:40 – 17:00,09:30 – 23:55,1 stop,5h 20m
£302,06:00 – 08:40,06:00 – 08:40,10:50 – 22:45,1 stop,4h 40m
£302,06:00 – 08:40,06:00 – 08:40,10:50 – 22:45,1 stop,4h 40m
£339,06:00 – 09:40,06:00 – 09:40,18:00 – 01:15+1,1 stop,5h 40m
£228,21:40 – 08:15+1,21:40 – 08:15+1,13:35 – 21:15,1 stop,12h 35m
£239,21:40 – 09:10+1,21:40 – 09:10+1,10:20 – 17:40,1 stop,13h 30m
£269,11:10 – 16:00,11:10 – 16:00,10:20 – 23:40,1 stop,6h 50m
£344,06:00 – 08:40,06:00 – 08:40,17:10 – 01:15+1,1 stop,4h 40m
£268,06:30 – 08:55,06:30 – 08:55,21:05 – 10:50+1,1 stop,4h 25m
£279,17:15 – 18:10,17:15 – 18:10,20:45 – 13:40+1,direct,2h 55m
£308,09:10 – 18:40,09:10 – 18:40,17:45 – 23:55,2 stops,11h 30m
£350,13:40 – 16:25,13:40 – 16:25,17:20 – 23:59,1 stop,4h 45m
£268,06:00 – 10:40,06:00 – 10:40,09:30 – 23:55,1 stop,6h 40m
£272,09:00 – 19:05,09:00 – 19:05,08:25 – 16:20,1 stop,12h 05m
£315,13:40 – 16:40,13:40 – 16:40,10:50 – 22:45,1 stop,5h 00m
£268,15:50 – 19:30,15:50 – 19:30,21:05 – 10:50+1,1 stop,5h 40m
£237,05:35 – 08:15,05:35 – 08:15,08:55 – 01:15+1,1 stop,4h 40m
£237,05:35 – 08:15,05:35 – 08:15,08:55 – 01:15+1,1 stop,4h 40m
£349,05:35 – 08:15,05:35 – 08:15,14:45 – 23:00,1 stop,4h 40m
£368,13:40 – 17:00,13:40 – 17:00,18:00 – 01:15+1,1 stop,5h 20m
£268,11:10 – 16:00,11:10 – 16:00,21:05 – 10:50+1,1 stop,6h 50m
£314,13:40 – 18:40,13:40 – 18:40,10:50 – 22:45,1 stop,7h 00m
£353,15:30 – 21:25,15:30 – 21:25,14:45 – 23:00,1 stop,7h 55m
£342,11:00 – 19:05,11:00 – 19:05,14:20 – 00:40+1,1 stop,10h 05m
£447,08:05 – 10:45,08:05 – 10:45,06:30 – 13:40,1 stop,4h 40m
£346,21:50 – 09:20+1,21:50 – 09:20+1,17:00 – 23:35,1 stop,13h 30m
£447,08:05 – 13:50,08:05 – 13:50,06:30 – 13:40,1 stop,7h 45m
£447,08:05 – 16:15,08:05 – 16:15,06:30 – 13:40,1 stop,10h 10m
£424,02:55 – 11:15,02:55 – 11:15,16:35 – 02:05+1,1 stop,10h 20m
£465,08:05 – 16:40,08:05 – 16:40,06:30 – 13:40,1 stop,10h 35m
£457,08:05 – 17:35,08:05 – 17:35,06:30 – 13:40,1 stop,11h 30m
£465,08:05 – 17:20,08:05 – 17:20,06:30 – 13:40,1 stop,11h 15m
£456,08:05 – 18:35,08:05 – 18:35,06:30 – 13:40,1 stop,12h 30m
£584,08:05 – 10:45,08:05 – 10:45,11:30 – 23:00,1 stop,4h 40m
£679,18:00 – 21:20,18:00 – 21:20,06:55 – 14:25,1 stop,5h 20m
£687,16:05 – 19:30,16:05 – 19:30,06:55 – 14:25,1 stop,5h 25m
£687,06:45 – 08:55,06:45 – 08:55,14:10 – 23:40,1 stop,4h 10m
£679,18:00 – 21:20,18:00 – 21:20,14:10 – 23:40,1 stop,5h 20m
£635,15:30 – 21:25,15:30 – 21:25,11:30 – 23:00,1 stop,7h 55m
£687,16:05 – 19:30,16:05 – 19:30,14:10 – 23:40,1 stop,5h 25m
£687,16:05 – 21:40,16:05 – 21:40,06:55 – 14:25,1 stop,7h 35m
£687,11:25 – 16:00,11:25 – 16:00,14:10 – 23:40,1 stop,6h 35m
£679,07:15 – 12:55,07:15 – 12:55,14:10 – 23:40,1 stop,7h 40m
£687,16:05 – 21:40,16:05 – 21:40,14:10 – 23:40,1 stop,7h 35m
£772,10:10 – 15:10,10:10 – 15:10,10:20 – 17:40,1 stop,7h 00m
£772,10:10 – 17:05,10:10 – 17:05,10:20 – 17:40,1 stop,8h 55m
£772,10:10 – 20:40,10:10 – 20:40,10:20 – 17:40,1 stop,12h 30m
£860,10:10 – 21:10,10:10 – 21:10,10:20 – 17:40,2 stops,13h 00m
